# Querying with `where`

We can add a `where` clause to a `select` statement to select just the rows satisfying the given clause.

```sql
select * from employees where `jobTitle`="Sales Rep";
```

Output :
```
+----------------+-----------+-----------+-----------+---------------------------------+------------+-----------+-----------+
| employeeNumber | lastName  | firstName | extension | email                           | officeCode | reportsTo | jobTitle  |
+----------------+-----------+-----------+-----------+---------------------------------+------------+-----------+-----------+
|           1165 | Jennings  | Leslie    | x3291     | ljennings@classicmodelcars.com  | 1          |      1143 | Sales Rep |
|           1166 | Thompson  | Leslie    | x4065     | lthompson@classicmodelcars.com  | 1          |      1143 | Sales Rep |
|           1188 | Firrelli  | Julie     | x2173     | jfirrelli@classicmodelcars.com  | 2          |      1143 | Sales Rep |
|           1216 | Patterson | Steve     | x4334     | spatterson@classicmodelcars.com | 2          |      1143 | Sales Rep |
|           1286 | Tseng     | Foon Yue  | x2248     | ftseng@classicmodelcars.com     | 3          |      1143 | Sales Rep |
|           1323 | Vanauf    | George    | x4102     | gvanauf@classicmodelcars.com    | 3          |      1143 | Sales Rep |
|           1337 | Bondur    | Loui      | x6493     | lbondur@classicmodelcars.com    | 4          |      1102 | Sales Rep |
|           1370 | Hernandez | Gerard    | x2028     | ghernande@classicmodelcars.com  | 4          |      1102 | Sales Rep |
|           1401 | Castillo  | Pamela    | x2759     | pcastillo@classicmodelcars.com  | 4          |      1102 | Sales Rep |
|           1501 | Bott      | Larry     | x2311     | lbott@classicmodelcars.com      | 7          |      1102 | Sales Rep |
|           1504 | Jones     | Barry     | x102      | bjones@classicmodelcars.com     | 7          |      1102 | Sales Rep |
|           1611 | Fixter    | Andy      | x101      | afixter@classicmodelcars.com    | 6          |      1088 | Sales Rep |
|           1612 | Marsh     | Peter     | x102      | pmarsh@classicmodelcars.com     | 6          |      1088 | Sales Rep |
|           1619 | King      | Tom       | x103      | tking@classicmodelcars.com      | 6          |      1088 | Sales Rep |
|           1621 | Nishi     | Mami      | x101      | mnishi@classicmodelcars.com     | 5          |      1056 | Sales Rep |
|           1625 | Kato      | Yoshimi   | x102      | ykato@classicmodelcars.com      | 5          |      1621 | Sales Rep |
|           1702 | Gerard    | Martin    | x2312     | mgerard@classicmodelcars.com    | 4          |      1102 | Sales Rep |
+----------------+-----------+-----------+-----------+---------------------------------+------------+-----------+-----------+
17 rows in set (0.00 sec)
```

Note that values with spaces must be placed within quotes e.g. `"Sales Rep"`.  


The `where` clause supports the following operators :

- `=`
- `>`
- `<`
- `>=`
- `<=`
- `<>` or `!=`
- `between`
- [`like`](https://www.w3schools.com/mysql/mysql_like.asp)
- `in`

Expressions within a `where` clause can be combined using `and` and `or`.

```sql
select column1, column2, ...
from table_name
where condition1 and condition2 and condition3 ...;
```

An expression within a `where` clause can be negated using `not`.

```sql
select column1, column2, ...
from table_name
where not condition;
```

You can use a `where` clause with `select`, [`update`](https://www.w3schools.com/mysql/mysql_update.asp), and [`delete`](https://www.w3schools.com/mysql/mysql_delete.asp) statements.

# `like`

The `like` operator is used in a `where` clause to search for a specified pattern in a column.

There are two wildcards often used in conjunction with the `like` operator :

- The percent sign (%) represents zero, one, or multiple characters
- The underscore sign (_) represents one, single character

The percent sign and the underscore can also be used in combinations!

### Syntax
```sql
select column1, column2, ...
from table_name
where columnN like pattern;
```

Some examples showing different `like` operators with '%' and '_' wildcards :

| `like` Operator | Description |
| --- | --- |
| `where CustomerName like 'a%'` | Finds any values that start with "a" |
| `where CustomerName like '%a'` | Finds any values that end with "a" |
| `where CustomerName like '%or%'` | Finds any values that have "or" in any position |
| `where CustomerName like '_r%'` | Finds any values that have "r" in the second position |
| `where CustomerName like 'a_%'` | Finds any values that start with "a" and are at least 2 characters in length |
| `where CustomerName like 'a__%'` | Finds any values that start with "a" and are at least 3 characters in length |
| `where ContactName like 'a%o'` | Finds any values that start with "a" and ends with "o" |

# `update`

The `update` statement is used to modify the existing records in a table.

### Syntax
```sql
update table_name
set column1 = value1, column2 = value2, ...
where condition;
```

Be careful when updating records in a table! Notice the `where` clause in the `update` statement. The `where` clause specifies which record(s) that should be updated. If you omit the `where` clause, all records in the table will be updated!

# `delete`

The `delete` statement is used to delete existing records in a table.

### Syntax
```sql
delete from table_name where condition;
```

Be careful when deleting records in a table! Notice the `where` clause in the `delete` statement. The `where` clause specifies which record(s) should be deleted. If you omit the `where` clause, all records in the table will be deleted!

#

## 1. List the customers in the United States with a credit limit higher than \$100000.

```sql
select * from customers where country="USA" and creditLimit>"100000";
```

Output :
```
+----------------+------------------------------+-----------------+------------------+------------+---------------------------+--------------+---------------+-------+------------+---------+------------------------+-------------+
| customerNumber | customerName                 | contactLastName | contactFirstName | phone      | addressLine1              | addressLine2 | city          | state | postalCode | country | salesRepEmployeeNumber | creditLimit |
+----------------+------------------------------+-----------------+------------------+------------+---------------------------+--------------+---------------+-------+------------+---------+------------------------+-------------+
|            124 | Mini Gifts Distributors Ltd. | Nelson          | Susan            | 4155551450 | 5677 Strong St.           | NULL         | San Rafael    | CA    | 97562      | USA     |                   1165 |      210500 |
|            131 | Land of Toys Inc.            | Lee             | Kwai             | 2125557818 | 897 Long Airport Avenue   | NULL         | NYC           | NY    | 10022      | USA     |                   1323 |      114900 |
|            151 | Muscle Machine Inc           | Young           | Jeff             | 2125557413 | 4092 Furth Circle         | Suite 400    | NYC           | NY    | 10022      | USA     |                   1286 |      138500 |
|            157 | Diecast Classics Inc.        | Leong           | Kelvin           | 2155551555 | 7586 Pompton St.          | NULL         | Allentown     | PA    | 70267      | USA     |                   1216 |      100600 |
|            239 | Collectable Mini Designs Co. | Thompson        | Valarie          | 7605558146 | 361 Furth Circle          | NULL         | San Diego     | CA    | 91217      | USA     |                   1166 |      105000 |
|            286 | Marta's Replicas Co.         | Hernandez       | Marta            | 6175558555 | 39323 Spinnaker Dr.       | NULL         | Cambridge     | MA    | 51247      | USA     |                   1216 |      123700 |
|            319 | Mini Classics                | Frick           | Steve            | 9145554562 | 3758 North Pendale Street | NULL         | White Plains  | NY    | 24067      | USA     |                   1323 |      102700 |
|            321 | Corporate Gift Ideas Co.     | Brown           | Julie            | 6505551386 | 7734 Strong St.           | NULL         | San Francisco | CA    | 94217      | USA     |                   1165 |      105000 |
|            363 | Online Diecast Creations Co. | Young           | Dorothy          | 6035558647 | 2304 Long Airport Avenue  | NULL         | Nashua        | NH    | 62005      | USA     |                   1216 |      114200 |
+----------------+------------------------------+-----------------+------------------+------------+---------------------------+--------------+---------------+-------+------------+---------+------------------------+-------------+
9 rows in set (0.00 sec)
```

## 2. List the employee codes for sales representatives of customers in Spain, France and Italy. Make another query to list the names and email addresses of those employees.

```sql
select salesRepEmployeeNumber from customers where country in ("Spain", "Fraance", "Italy");
```

Output :
```
+------------------------+
| salesRepEmployeeNumber |
+------------------------+
|                   1370 |
|                   1702 |
|                   NULL |
|                   1401 |
|                   1401 |
|                   1702 |
|                   1401 |
|                   1702 |
|                   NULL |
|                   1401 |
|                   1702 |
+------------------------+
11 rows in set (0.00 sec)
```

```sql
select firstName, lastName, email from employees where employeeNumber in (1370, 1702, 1401);
```

Output :
```
+-----------+-----------+--------------------------------+
| firstName | lastName  | email                          |
+-----------+-----------+--------------------------------+
| Gerard    | Hernandez | ghernande@classicmodelcars.com |
| Pamela    | Castillo  | pcastillo@classicmodelcars.com |
| Martin    | Gerard    | mgerard@classicmodelcars.com   |
+-----------+-----------+--------------------------------+
3 rows in set (0.00 sec)
```

## 3. Change the job title "Sales Rep" to "Sales Representative"

```sql
update employees set jobTitle="Sales Representative" where jobTitle="Sales Rep";
```

## 4. Delete the entries for Sales Representatives working in Japan.

```sql
select salesRepEmployeeNumber from customers where country="Japan"; 
```

Output :
```
+------------------------+
| salesRepEmployeeNumber |
+------------------------+
|                   1621 |
|                   1621 |
+------------------------+
2 rows in set (0.00 sec)
```

```sql
delete from customers where salesRepEmployeeNumber="1621";
```

## 5. Show a list of employees who are not sales representatives

```sql
select * from employees where not jobTitle="Sales Representative";
```

Output :
```
+----------------+-----------+-----------+-----------+---------------------------------+------------+-----------+----------------------+
| employeeNumber | lastName  | firstName | extension | email                           | officeCode | reportsTo | jobTitle             |
+----------------+-----------+-----------+-----------+---------------------------------+------------+-----------+----------------------+
|           1002 | Murphy    | Diane     | x5800     | dmurphy@classicmodelcars.com    | 1          |      NULL | President            |
|           1056 | Patterson | Mary      | x4611     | mpatterso@classicmodelcars.com  | 1          |      1002 | VP Sales             |
|           1076 | Firrelli  | Jeff      | x9273     | jfirrelli@classicmodelcars.com  | 1          |      1002 | VP Marketing         |
|           1088 | Patterson | William   | x4871     | wpatterson@classicmodelcars.com | 6          |      1056 | Sales Manager (APAC) |
|           1102 | Bondur    | Gerard    | x5408     | gbondur@classicmodelcars.com    | 4          |      1056 | Sale Manager (EMEA)  |
|           1143 | Bow       | Anthony   | x5428     | abow@classicmodelcars.com       | 1          |      1056 | Sales Manager (NA)   |
+----------------+-----------+-----------+-----------+---------------------------------+------------+-----------+----------------------+
6 rows in set (0.00 sec)
```

## 6. Show a list of customers with "Toys" in their name

```sql
select customerName, country from customers where customerName like "%Toys%";
```

Output :
```
+----------------------+---------+
| customerName         | country |
+----------------------+---------+
| Land of Toys Inc.    | USA     |
| Toys of Finland, Co. | Finland |
| Toys4GrownUps.com    | USA     |
| Boards & Toys Co.    | USA     |
+----------------------+---------+
4 rows in set (0.00 sec)
```